<configuration>
    <property>
        <name>hive.metastore.uris</name>
        <value>thrift://localhost:9083</value>
    </property>
    <property>
        <name>hive.metastore.client.socket.timeout</name>
        <value>300</value>
    </property>
    <property>
        <name>hive.metastore.warehouse.dir</name>
        <value>/tmp/</value>
    </property>
    <property>
        <name>javax.jdo.option.ConnectionURL</name>
        <value>jdbc:postgresql://postgres:5432/metastore</value>
        <description>JDBC connect string for a JDBC metastore</description>
    </property>
    <property>
        <name>javax.jdo.option.ConnectionUserName</name>
        <value>hive</value>
    </property>
    <property>
        <name>javax.jdo.option.ConnectionPassword</name>
        <value>hive</value>
    </property>
    <property>
        <name>javax.jdo.option.ConnectionDriverName</name>
        <value>org.postgresql.Driver</value>
        <description>Driver class name for a JDBC metastore</description>
    </property>
    <property>
        <name>hive.exec.stagingdir</name>
        <value>/tmp/hive/hive-staging</value>
    </property>
    <property>
        <name>hive.metastore.event.db.notification.api.auth</name>
        <value>false</value>
    </property>
    <property>
        <name>hive.server2.authentication</name>
        <value>NOSASL</value>
    </property>
    <property>
        <name>fs.s3a.impl</name>
        <value>org.apache.hadoop.fs.s3a.S3AFileSystem</value>
    </property>
    <property>
        <name>fs.s3a.access.key</name>
        <value>minio_access_key</value>
    </property>
    <property>
        <name>fs.s3a.secret.key</name>
        <value>minio_secret_key</value>
    </property>
    <property>
        <name>fs.s3a.endpoint</name>
        <value>http://minio:9000</value>
    </property>
    <property>
        <name>fs.s3a.path.style.access</name>
        <value>true</value>
    </property>
</configuration>